{"head": {"mean": 0.6168499796068848, "sd": 0.23857856423466547, "cnt": 10584}, "body": {"mean": 0.2032481351014735, "sd": 0.16922739819549815, "cnt": 10584}, "leg": {"mean": 0.1799018852916394, "sd": 0.19028289829476663, "cnt": 10584}, "distance": {"mean": 0.6396660797076593, "sd": 0.2946599064447207, "cnt": 10584}, "clinch": {"mean": 0.17162338633212593, "sd": 0.19558007161271102, "cnt": 10584}, "ground": {"mean": 0.18871053396021237, "sd": 0.25563434835250604, "cnt": 10584}}